{"stats":{"minecraft:picked_up":{"minecraft:repeater":88,"minecraft:stone_button":2,"minecraft:redstone":726,"minecraft:quartz_block":2,"minecraft:lever":4,"minecraft:bone_meal":1,"minecraft:redstone_torch":74},"minecraft:custom":{"minecraft:time_since_rest":3750908,"minecraft:sprint_one_cm":15949,"minecraft:inspect_dropper":31,"minecraft:walk_one_cm":53959,"minecraft:interact_with_anvil":2,"minecraft:drop":13,"minecraft:inspect_hopper":4,"minecraft:tune_noteblock":110,"minecraft:fly_one_cm":22615726,"minecraft:crouch_one_cm":12640,"minecraft:play_time":3750908,"minecraft:sneak_time":199388,"minecraft:jump":874,"minecraft:leave_game":14,"minecraft:time_since_death":3750908,"minecraft:total_world_time":5494339},"minecraft:used":{"minecraft:redstone_torch":1402,"minecraft:sticky_piston":777,"minecraft:glass":2497,"minecraft:chiseled_polished_blackstone":66,"minecraft:piston":21,"minecraft:lever":392,"minecraft:dropper":23,"minecraft:slime_block":103,"minecraft:dispenser":1,"minecraft:redstone":9989,"minecraft:quartz_block":20128,"minecraft:stone_button":14,"minecraft:oak_sign":4,"minecraft:ender_pearl":1,"minecraft:redstone_block":229,"minecraft:composter":8,"minecraft:repeater":3712,"minecraft:redstone_lamp":597,"minecraft:target":44,"minecraft:anvil":1,"minecraft:comparator":44,"minecraft:hopper":29,"minecraft:note_block":220,"minecraft:observer":1065,"minecraft:cake":78,"minecraft:oak_fence_gate":47,"minecraft:obsidian":38},"minecraft:dropped":{"minecraft:quartz_block":3,"minecraft:hopper":1,"minecraft:redstone_torch":1,"minecraft:observer":1,"minecraft:bone_meal":1,"minecraft:white_wool":2,"minecraft:redstone":130}},"DataVersion":3337}